{"cameraMode":{"drawMode":0,"name":"Shaded","section":"Shading Mode"},"sceneLighting":false,"audioPlay":false,"sceneViewState":{"showFog":true,"showMaterialUpdate":false,"showSkybox":false,"showFlares":true,"showImageEffects":true,"showParticleSystems":true},"in2DMode":false,"pivot":{"x":-6.828341960906982,"y":7.9097580909729,"z":3.5975682735443117},"rotation":{"x":0.11626569926738739,"y":0.8832949995994568,"z":-0.3058209717273712,"w":0.33580753207206728},"size":12.64775276184082,"orthographic":false}