{"cameraMode":{"drawMode":0,"name":"Shaded","section":"Shading Mode"},"sceneLighting":false,"audioPlay":false,"sceneViewState":{"showFog":true,"showMaterialUpdate":false,"showSkybox":false,"showFlares":true,"showImageEffects":true,"showParticleSystems":true},"in2DMode":false,"pivot":{"x":-3.4708690643310549,"y":8.099166870117188,"z":7.931521415710449},"rotation":{"x":0.0026839470956474544,"y":0.9388973116874695,"z":-0.3441183269023895,"w":0.0073246341198682789},"size":4.041658401489258,"orthographic":false}