{"cameraMode":{"drawMode":0,"name":"Shaded","section":"Shading Mode"},"sceneLighting":false,"audioPlay":false,"sceneViewState":{"showFog":true,"showMaterialUpdate":false,"showSkybox":false,"showFlares":true,"showImageEffects":true,"showParticleSystems":true},"in2DMode":false,"pivot":{"x":0.14021719992160798,"y":7.268974304199219,"z":12.042399406433106},"rotation":{"x":-0.03774123266339302,"y":0.9407898783683777,"z":-0.3178461492061615,"w":-0.11172304302453995},"size":3.401561975479126,"orthographic":false}