{"cameraMode":{"drawMode":0,"name":"Shaded","section":"Shading Mode"},"sceneLighting":false,"audioPlay":false,"sceneViewState":{"showFog":true,"showMaterialUpdate":false,"showSkybox":false,"showFlares":true,"showImageEffects":true,"showParticleSystems":true},"in2DMode":false,"pivot":{"x":1.8673404455184937,"y":5.219186782836914,"z":3.133934259414673},"rotation":{"x":-0.08093135803937912,"y":0.9187659621238709,"z":-0.2605293095111847,"w":-0.28541621565818789},"size":12.64775276184082,"orthographic":false}