{"cameraMode":{"drawMode":0,"name":"Shaded","section":"Shading Mode"},"sceneLighting":false,"audioPlay":false,"sceneViewState":{"showFog":true,"showMaterialUpdate":false,"showSkybox":false,"showFlares":true,"showImageEffects":true,"showParticleSystems":true},"in2DMode":false,"pivot":{"x":3.5775487422943117,"y":1.893331527709961,"z":3.7826015949249269},"rotation":{"x":-0.07437246292829514,"y":0.8911510109901428,"z":-0.15830785036087037,"w":-0.41866520047187807},"size":2.8578836917877199,"orthographic":false}